HOLDING_ID	INDEX_NAME	INDEX_IDENTIFIER	NARRATIVE_DESC
155859589	CBOT $5 Mini Dow Jones Industrial Average e-CBOT Futures	DMU5 Index	
161041733	Eurex DAX Index Futures	GXZ5 Index	
160404678	Secured Overnight Financing Rate	SOFRATE	
156349763	CMBX BBB- CDSI S16 PRC CORP	CY873248	
156394386	CDX NA HY SERIES 44 5YR	CXPHY544	
156418948	CMBX AAA CDSI S13 PRC INDX	CY451600	
156415489	CMBX AAA CDSI S16 PRC INDX	CY873245	
159189266	iTraxx Europe Main44-V1	2I666VDM4	
158185878	CRSP US MdCp TR	CRSPMIT	
159442334	PRIMEX.ARM.2	N/A	N/A
159269559	AUD-BBR-BBSW-Bloomberg 6M	N/A	N/A
159386758	UK RPI All Items NSA	N/A	N/A
157923414	CDX.NA.HY.40	2I65BRZI4	
159098228	CME E-mini S&P 500 Index Futures	ESZ5 Index	
159133185	iBoxx USD Liquid High Yield Total Return Index	IBOXHY Index	
156371270	CMBX BBB- CDSI S16 PRC CORP	CY873248	
156390005	S and P 500 INDX	783786106	
157913508	CDX.EM.41	2I65BZFF4	
156084879	U.S. Urban CPI	CPURNSA	
159286587	AUD-BBR-BBSW-Bloomberg 6M	N/A	N/A
156451464	CMBX AAA CDSI S13 PRC INDX	CY451600	
156443530	CMBX AAA CDSI S17 PRC CORP	CY885799	
156455356	MARKIT CMBX.NA.BBB 15	CY562349	
156459723	CMBX AAA CDSI S17 PRC CORP	CY885799	
156455908	CMBX AAA CDSI S17 PRC CORP	CY885799	
156358912	CMBX BBB- CDSI S16 PRC CORP	CY873248	
156353206	CMBX BBB- CDSI S16 PRC CORP	CY873248	
158181544	NASDAQ 100 STOCK INDX	NDX	
156419389	CMBX BBB- CDSI S16 PRC CORP	CY873248	
159184828	iTraxx Europe Crossover42-V2	2I667KKW7	
158217897	Euro Stoxx 50 Pr	SX5E	
160436012	MSCI EM	MXEF	
159750339	Euronext CAC 40 Index	CAC	
159795526	U.S. Secured Overnight Financing Rate	SOFR	
158369778	RUSSELL 2000 INDEX	RTY	
159434276	CMBX.NA.AS.6	N/A	N/A
159426329	MEXICO INTERBANK TIIE 28 DAY	N/A	N/A
159423546	CMBX.NA.AAA.10	N/A	N/A
160469420	MSCI EM	MXEF	
157909370	CDX.EM.39	2I65BZFD9	
156352159	S and P 400 MIDCAP INDEX (MID)	EI09MID	
156493390	CMBX.NA.AA.6	137BEPAF8	
159290017	ABX.HE.AAA.06-2	N/A	N/A
158500334	Custom Equity Basket	252050_INDEX_HA	Custom Equity Basket
156456073	CMBX AAA CDSI S13 PRC INDX	CY451600	
156460092	CMBX AAA CDSI S17 PRC CORP	CY885799	
156453540	MARKIT CMBX.NA.BBB- S18	CZ030008	
161163140	MSCI EAFE         Dec25	IX55596393-0	
156370518	CMBX AAA CDSI S16 PRC INDX	CY873245	
156392427	S and P 500 INDX	783786106	
156392017	S and P 500 INDX	783786106	
161041787	SGX FTSE China A50 Futures Contract	XUX5 Index	
160385192	Secured Overnight Financing Rate	SOFRATE	
158355266	CMBX BBB- CDSI S16 PRC CORP	CY873248	
156345481	CMBX AAA CDSI S17 PRC CORP	CY885799	
156418487	CMBX AAA CDSI S18 PRC INDX	CZ030005	
160487584	S&P 500 Index	SPX	
158243392	United States SOFR Secured Ove	SOFRRATE	
160947165	SFE S&P ASX Share Price Index 200 Futures	XPZ5 Index	
158471048	MSCI EMERGING MARKETS INDEX	GB00BP5FTD07	
156354568	CMBX AAA CDSI S17 PRC CORP	CY885799	
156348578	CMBX AAA CDSI S17 PRC CORP	CY885799	
156346418	CMBX AAA CDSI S17 PRC CORP	CY885799	
156364865	CMBX BBB- CDSI S16 PRC CORP	CY873248	
156365113	CMBX BBB- CDSI S16 PRC CORP	CY873248	
159424534	AUD-BBR-BBSW-Bloomberg 6M	N/A	N/A
159422483	MEXICO INTERBANK TIIE 28 DAY	N/A	N/A
159432871	ABX.HE.AAA.07-2	N/A	N/A
159435516	CMBX.NA.AAA.8	N/A	N/A
159754459	TSE TOPIX (Tokyo Price Index)	TPX	
159795213	U.S. Secured Overnight Financing Rate	SOFR	
160448675	FTSE CNA Stk Connect Net	FCASCN	
159110059	S&P 500 E-Mini Index	US78378X1072	
159126158	iBoxx USD Liquid High Yield Total Return Index	IBOXHY Index	
159384669	AUD-BBR-BBSW-Bloomberg 6M	N/A	N/A
156456542	CMBX AAA CDSI S17 PRC CORP	CY885799	
158355415	CMBX AAA CDSI S17 PRC CORP	CY885799	
156421729	CMBX BBB- CDSI S16 PRC CORP	CY873248	
159181578	Chicago Board Options Exchange SPX Volatility Index	US12497K1007	
159441085	ABX.HE.AA.06-2	N/A	N/A
159434560	UK RPI All Items NSA	N/A	N/A
159272505	AUD-BBR-BBSW-Bloomberg 6M	N/A	N/A
157288651	CBOT Ultra Long-Term U.S. Treasury Bond Futures	WNZ5 Comdty	
158933743	CME E-mini Financial Select Sector Futures	IXAZ5 Index	
159747694	KFE KOSPI 200 Index	KOSPI2	
158144108	S&P 500 Index	SPX	
159342927	CMBX.NA.AAA.10	N/A	N/A
158369694	S&P 400 Index	MID	
156375435	CMBX BB CDSI S18 PRC INDX	CZ030007	
156367271	CMBX BBB- CDSI S16 PRC CORP	CY873248	
156380049	CMBX BBB- CDSI S17 PRC INDX	CY885802	
161043161	Euronext Amsterdam Index Futures	EOX5 Index	
158358004	CMBX AAA CDSI S13 PRC INDX	CY451600	
156356319	MARKIT CMBX.NA.BBB 15	CY562349	
156308518	S and P 400 MIDCAP INDEX (MID)	EI09MID	
158497970	Custom Equity Basket	BRFMTRC_INDEX	Custom Equity Basket
156366761	CMBX AAA CDSI S17 PRC CORP	CY885799	
156372332	MARKIT CMBX.NA.BBB- S18	CZ030008	
156389304	S and P 500 INDX	783786106	
156388616	S and P 500 INDX	783786106	
156449799	CMBX BBB- CDSI S16 PRC CORP	CY873248	
156461791	CMBX BBB- CDSI S16 PRC CORP	CY873248	
156459244	CMBX BBB- CDSI S17 PRC INDX	CY885802	
161042895	Eurex Dow Jones EURO STOXX 50 Dividend Futures	DEDZ6 Index	
161041763	CBOE Volatility Index Futures	UXX5 Index	
156345719	CMBX BB CDSI S18 PRC INDX	CZ030007	
156399874	CMBX AAA CDSI S17 PRC CORP	CY885799	
158243453	Secured Overnight Financing Rate	SOFRATE	
156403481	NIKKEI 225 INDX	JP9010C00002	
159433002	CMBX.NA.AAA.6	N/A	N/A
159268699	AUD-BBR-BBSW-Bloomberg 6M	N/A	N/A
157289307	CBOT 5 Year U.S. Treasury Notes	FVZ5 Comdty	
159795075	U.S. Secured Overnight Financing Rate	N/A	
159794019	U.S. Secured Overnight Financing Rate	SOFR	
158369691	S&P 500 Index	SPX	
156366811	CMBX BBB- CDSI S16 PRC CORP	CY873248	
156376186	MARKIT CMBX.NA.BBB- S18	CZ030008	
156387279	S and P 500 INDX	783786106	
156391804	S and P 500 INDX	783786106	
159286335	AUD-BBR-BBSW-Bloomberg 6M	N/A	N/A
156392776	CDX NA IG SERIES 44 5YR	CDXIG544	
156450006	CMBX BBB- CDSI S16 PRC CORP	CY873248	
156452457	CMBX BBB- CDSI S16 PRC CORP	CY873248	
161041739	CME E-mini S&P 500 Index Futures	ESZ5 Index	
161042996	SGX Nikkei Dividend Index Futures	MNDZ5 Index	
161020675	SFE S&P ASX Share Price Index 200 Futures	XPZ5 Index	
158353171	CMBX BBB- CDSI S16 PRC CORP	CY873248	
159175069	Nikkei 225 Index	JP9010C00002	
159173932	Markit CDX North American Investment Grade Index Series 45-V1	2I65BYEI2	
158243323	United States SOFR Secured Ove	SOFRRATE	
158217902	S&P/ASX 200 Index	AS51	
157289978	Long Gilt Futures	G Z5 Comdty	
159795409	U.S. Secured Overnight Financing Rate	SOFR	
159188294	S&P 500 Index	US78378X1072	
159178285	Markit CMBX North American BBB- 9	137BERAI8	
158243219	US CPI Urban Consumers NAS	CPURNSA	
158243457	Secured Overnight Financing Rate	SOFRATE	
159794513	U.S. Secured Overnight Financing Rate	SOFR	
159427211	CMBX.NA.AS.6	N/A	N/A
157288631	CBOT 2 Year U.S. Treasury Notes Futures	TUZ5 Comdty	
160474470	MSCI EM	MXEF	
158369895	MSCI EMERGING MARKETS INDEX	GB00BP5FTD07	
159133241	Markit iBoxx USD Liquid Leveraged Loans Total Return Index	IBXXLLTR Index	
156366727	CMBX BBB- CDSI S16 PRC CORP	CY873248	
156374401	CMBX AAA CDSI S17 PRC CORP	CY885799	
156373460	MARKIT CMBX.NA.BBB- S18	CZ030008	
156382830	CMBX BBB- CDSI S16 PRC CORP	CY873248	
158355541	CMBX BBB- CDSI S16 PRC CORP	CY873248	
156494237	CDX.NA.IG.S43	2I65BYEG6	
159346135	CMBX.NA.AAA.10	N/A	N/A
159128882	iBoxx USD Liquid High Yield Total Return Index	IBOXHY Index	
156391229	S and P 500 INDX	783786106	
156388056	S and P 400 MIDCAP INDEX (MID)	EI09MID	
158276327	S&P 500 Index	SPX	
160947172	Eurex STOXX Europe 600 Futures	SXOZ5 Index	
156418638	CMBX AAA CDSI S17 PRC CORP	CY885799	
160630162	RUSSELL 2000 INDEX (RTY)	US7827001089	
158185778	S&P 500 Index	SPX	
159444346	SONIA O/N Deposit Rates Swap	N/A	N/A
159437439	ABX.HE.AAA.07-1	N/A	N/A
159751365	SGX FTSE China A50 Futures Con	XIN9I	
159793792	U.S. Secured Overnight Financing Rate	SOFR	
159794977	U.S. Secured Overnight Financing Rate	N/A	
159343188	CMBX.NA.AAA.12	N/A	N/A
156375487	MARKIT CMBX.NA.BBB 15	CY562349	
156373521	CMBX AAA CDSI S17 PRC CORP	CY885799	
156389712	S and P 500 INDX	783786106	
156387501	S and P 500 INDX	783786106	
160440866	TOPIX INDEX (TOKYO)	TPX	
156494127	CMBX.NA.AA.6	137BEPAF8	
161042883	SGX Nikkei Dividend Index Futures	MNDZ6 Index	
156408013	CMBX AAA CDSI S18 PRC INDX	CZ030005	
160628990	S and P 400 MIDCAP INDEX (MID)	EI09MID	
158243372	United States SOFR Secured Ove	SOFRRATE	
156409573	MARKIT CMBX.NA.BBB- S18	CZ030008	
159164031	EURO STOXX 50 Index	EU0009658145	
158243238	US CPI Urban Consumers NAS	CPURNSA	
159793745	U.S. Secured Overnight Financing Rate	SOFR	
159434396	SONIA O/N Deposit Rates Swap	N/A	N/A
159438052	UK RPI All Items NSA	N/A	N/A
159440147	UK RPI All Items NSA	N/A	N/A
156457923	CMBX AAA CDSI S15 PRC INDX	CY562346	
156393300	S and P 500 INDX	783786106	
156389111	S and P 500 INDX	783786106	
156491910	CMBX.NA.AA.6	137BEPAF8	
156376041	CMBX BBB- CDSI S16 PRC CORP	CY873248	
156369896	CMBX BBB- CDSI S16 PRC CORP	CY873248	
156391851	S and P 500 INDX	783786106	
156387593	S and P 500 INDX	783786106	
158335553	MSCI EAFE INDX(UN FOR FUTURES)	EI09MXEA	
158384565	S&P 500 Index	SPX	
156392256	ITRAXX XOVER S42 V3 12/20/29	ITXEX542	
156451837	CMBX BB CDSI S18 PRC INDX	CZ030007	
156452302	MARKIT CMBX.NA.BBB- S18	CZ030008	
161041778	S&P 500 Index	SPX Index	
161043169	Eurex Swiss Market New Index Futures	SMZ5 Index	
159376304	ABX.HE.AAA.06-2	N/A	N/A
158355671	MARKIT CMBX.NA.BBB 15	CY562349	
156403090	MSCI EAFE INDX(UN FOR FUTURES)	EI09MXEA	
159424901	ABX.HE.AAA.07-2	N/A	N/A
159273088	CHINA FIXING REPO RATES 7 DAY	N/A	N/A
159751490	SFE S&P ASX Share Price Index	AS51	
156376693	CMBX BBB- CDSI S16 PRC CORP	CY873248	
156368474	CMBX BBB- CDSI S17 PRC INDX	CY885802	
156389770	S and P 500 INDX	783786106	
156388722	S and P 500 INDX	783786106	
159386997	UK RPI All Items NSA	N/A	N/A
160011539	CME E-mini S&P 500 Index Futures	ESZ5 Index	
156389746	S and P 500 INDX	783786106	
156450176	MARKIT CMBX.NA.BBB 15	CY562349	
156443960	CMBX AAA CDSI S17 PRC CORP	CY885799	
161042981	UKDA index - FTSE 100 Dividend Index Futures	UKDZ7 Index	
161043012	UKDA index - FTSE 100 Dividend Index Futures	UKDZ7 Index	
161041751	CME E-mini Russell 2000 Index Futures	RTYZ5 Index	
159374260	ABX.HE.AA.06-1	N/A	N/A
158355995	CMBX BB CDSI S18 PRC INDX	CZ030007	
159180550	CBOE Volatility Index	US12497K1007	
161151414	S&P500 EMINI FUT  Dec25	SPX	
159443138	ABX.HE.AAA.07-1	N/A	N/A
159428864	UK RPI All Items NSA	N/A	N/A
158354457	CMBX AAA CDSI S17 PRC CORP	CY885799	
160323603	CME E-mini Russell 2000 Index Futures	RTYZ5 Index	
159167089	EURO STOXX Bank Index	EU0009658426	
159176310	KOSPI 200 Index	KRD020020016	
157157678	NASDAQ 100 Stock Index	NDX	N/A
158243304	US CPI Urban Consumers NAS	CPURNSA	
159430875	MEXICO INTERBANK TIIE 28 DAY	N/A	N/A
157922220	CDX.EM.42	2I65BZFG2	
158238222	NASDAQ 100 STOCK INDX	NDX	
156393226	S and P 500 INDX	783786106	
156445528	CMBX AAA CDSI S17 PRC CORP	CY885799	
159036039	CME E-mini S&P 500 Index Futures	ESZ5 Index	
160413245	S&P/TSX 60 INDEX	SPTSX60	
159753118	BMF Mini Bovespa Index Future	IBOV	
157907785	CDX.EM.44	2I65BZFI8	
159344588	AUD-BBR-BBSW-Bloomberg 6M	N/A	N/A
159130054	iBoxx USD Liquid High Yield Total Return Index	IBOXHY Index	
156408609	CMBX AAA CDSI S17 PRC CORP	CY885799	
156417766	MARKIT CMBX.NA.BBB- S18	CZ030008	
156387470	S and P 500 INDX	783786106	
156388640	S and P 500 INDX	783786106	
156391370	S and P 500 INDX	783786106	
161042929	SGX Nikkei Dividend Index Futures	MNDZ6 Index	
160399367	ICE: (CDX.NA.IG.44.V1)	2I65BYEH4	
158358016	CMBX AAA CDSI S17 PRC CORP	CY885799	
158243335	United States SOFR Secured Ove	SOFRRATE	
158243437	Secured Overnight Financing Rate	SOFRATE	
155859719	CME E-mini S&P MidCap 400 Index Futures	FAU5 Index	
156395964	S and P 500 INDX	783786106	
158361237	MARKIT CMBX.NA.BBB- S18	CZ030008	
155864629	ICE U.S. mini MSCI EAFE Index Futures	MFSU5 Index	
159794918	U.S. Secured Overnight Financing Rate	SOFR	
159794390	U.S. Secured Overnight Financing Rate	SOFR	
156379597	CMBX AAA CDSI S13 PRC INDX	CY451600	
156388573	S and P 500 INDX	783786106	
156410431	CMBX BBB- CDSI S16 PRC CORP	CY873248	
156405072	CMBX BB CDSI S18 PRC INDX	CZ030007	
159283697	NZ$ Bank Bill 3M FRA	N/A	N/A
161043241	Eurex Swiss Market New Index Futures	SMZ5 Index	
159136990	Russell 2000 E-Mini Index	US7827001089	
159136479	Russell 1000 E-Mini Index	RIY Index	
159183822	EURO STOXX 50 Index	EU0009658145	
159172484	S&P 500 Index	US78378X1072	
159173773	Niftym Index	NIFTYM Index	
159444791	ABX.HE.AAA.07-2	N/A	N/A
159434474	CMBX.NA.AAA.12	N/A	N/A
159382926	SONIA O/N Deposit Rates Swap	N/A	N/A
156493221	CMBX.NA.AA.6	137BEPAF8	
159129755	iBoxx USD Liquid High Yield Total Return Index	IBOXHY Index	
161043027	Eurex Dow Jones EURO STOXX 50 Dividend Futures	DEDZ7 Index	
160384929	JPY - 1D Overnight Tokyo Average Rate	TONA	
158356478	CMBX BBB- CDSI S16 PRC CORP	CY873248	
158355891	CMBX BBB- CDSI S16 PRC CORP	CY873248	
158353884	CMBX BB CDSI S18 PRC INDX	CZ030007	
156409612	MARKIT CMBX.NA.BBB- S18	CZ030008	
156421831	MARKIT CMBX.NA.BBB- S18	CZ030008	
159188427	iTraxx Europe Crossover42-V3	2I667KMF2	
159754864	SAFEX FTSE/JSE Top 40 Index	TOP40	
156389763	S and P 500 INDX	783786106	
156388138	S and P 500 INDX	783786106	
160383831	ICE: (CDX.NA.IG.45.V1)	2I65BYEI2	
158360367	CMBX BB CDSI S18 PRC INDX	CZ030007	
159277074	CZK-PRIBOR-Reference Banks 6M	N/A	N/A
159277054	SONIA O/N Deposit Rates Swap	N/A	N/A
159126107	Russell 2000 E-Mini Index	US7827001089	
157289107	CBOT U.S. Long Bond Futures	USZ5 Comdty	
159386904	CMBX.NA.AAA.12	N/A	N/A
157907613	CDX.EM.40	2I65BZFE7	
159134083	iBoxx USD Liquid High Yield Total Return Index	IBOXHY Index	
156367887	CMBX BBB- CDSI S17 PRC INDX	CY885802	
159750239	FTSE Taiwan Index	FTCRTWRP	
159287931	ISHARES IBOXX INVESTMENT GRADE CORPORATE BOND ETF	N/A	N/A
156458833	CMBX AAA CDSI S13 PRC INDX	CY451600	
156406440	CMBX BBB- CDSI S17 PRC INDX	CY885802	
158243378	United States SOFR Secured Ove	SOFRRATE	
155871182	CME E-mini Russell 2000 Index Futures	RTYU5 Index	
158217893	TOPIX INDEX (TOKYO)	TPX	
160439395	MSCI EUROPE NR	M7EU	
160440029	Euro Stoxx 50 Pr	SX5E	
159793688	U.S. Secured Overnight Financing Rate	SOFR	
158180638	S&P 500 Index	SPX	
156388377	S and P 500 INDX	783786106	
161042878	SGX Nikkei Dividend Index Futures	MNDZ5 Index	
160396926	ICE: (CDX.NA.IG.44.V1)	2I65BYEH4	
157908657	CDX.EM.43	2I65BZFH0	
159289605	ISHARES IBOXX INVESTMENT GRADE CORPORATE BOND ETF	N/A	N/A
158369885	MSCI EAFE INDX(UN FOR FUTURES)	EI09MXEA	
156392538	RUSSELL 2000 INDEX (RTY)	US7827001089	
156395929	ITRAXX XOVER S42 V3 12/20/29	ITXEX542	
156458016	MARKIT CMBX.NA.BBB- S18	CZ030008	
160638557	MSCI EMERGING MARKETS INDEX	GB00BP5FTD07	
156396601	CMBX AAA CDSI S17 PRC CORP	CY885799	
156409468	CMBX AAA CDSI S17 PRC CORP	CY885799	
159188813	Markit CDX North American Investment Grade Index Series 45-V1	2I65BYEI2	
159183334	iTraxx Europe Crossover42-V2	2I667KKW7	
159184735	Markit CDX North American High Yield Index Series 41-V2	2I65BRAB1	
158220082	S&P 500 Index	SPX	
156455412	CMBX AAA CDSI S17 PRC CORP	CY885799	
156456521	CMBX AAA CDSI S13 PRC INDX	CY451600	
156368114	CMBX BB CDSI S18 PRC INDX	CZ030007	
156388017	S and P 500 INDX	783786106	
158487244	Custom Equity Basket	252048_INDEX_GA	Custom Equity Basket
156401908	CMBX AAA CDSI S17 PRC CORP	CY885799	
160488116	S&P 400 Index	MID	
161042872	SGX Nikkei Dividend Index Futures	MNDZ6 Index	
158181485	S&P 400 Index	MID	
158209975	S&P 500 Index	SPX	
159184618	Niftym Index	NIFTYM Index	
159170285	iTraxx Europe Senior Financials44-V1	2I667DCS1	
159173136	Markit CDX North American Investment Grade Index Series 39-V1	2I65BYEB7	
158243408	Secured Overnight Financing Rate	SOFRATE	
159433614	CMBX.NA.AAA.10	N/A	N/A
157288889	Ultra 10 Year U.S. Treasury Notes Futures	UXYZ5 Comdty	
160463939	FTSE CNA Stk Connect Net	FCASCN	
159384589	AUD-BBR-BBSW-Bloomberg 6M	N/A	N/A
159345063	CMBX.NA.AAA.10	N/A	N/A
159748580	CME E-Mini NASDAQ 100 Index Fu	NDX	
159794983	CDX HY43 V1 (15-25%) 5% 12/20/2029	N/A	
159292337	SONIA O/N Deposit Rates Swap	N/A	N/A
156448519	CMBX AAA CDSI S17 PRC CORP	CY885799	
158243484	Secured Overnight Financing Rate	SOFRATE	
159438277	CMBX.NA.AAA.12	N/A	N/A
157288321	Eurex 5 Year Euro BOBL Futures	OEZ5 Comdty	
159748839	ICE US mini MSCI EAFE Index	MXEA	
159795124	U.S. Secured Overnight Financing Rate	SOFR	
159344202	CMBX.NA.AAA.10	N/A	N/A
159127924	iBoxx USD Liquid High Yield Total Return Index	IBOXHY Index	
159130985	iBoxx USD Liquid High Yield Total Return Index	IBOXHY Index	
159130517	iBoxx USD Liquid High Yield Total Return Index	IBOXHY Index	
156373385	CMBX AAA CDSI S17 PRC CORP	CY885799	
156389151	S and P 500 INDX	783786106	
156389378	S and P 500 INDX	783786106	
158500914	Custom Equity Basket	252050_INDEX_BA	Custom Equity Basket
156455267	CMBX BBB- CDSI S16 PRC CORP	CY873248	
156459393	CMBX BBB- CDSI S16 PRC CORP	CY873248	
159370007	IRS USD R 3.40000 05/21/27-1Y (GRN) CME	N/A	N/A
156084867	U.S. Urban CPI	CPURNSA	
159304769	SONIA O/N Deposit Rates Swap	N/A	N/A
156312341	MSCI EAFE INDX(UN FOR FUTURES)	EI09MXEA	
156460938	CMBX AAA CDSI S17 PRC CORP	CY885799	
158499239	Custom Equity Basket	BRFMTRB_INDEX	Custom Equity Basket
156387311	S and P 500 INDX	783786106	
160385299	United States SOFR Secured Ove	SOFRRATE	
158208012	S&P 500 Index	SPX	
156354853	MARKIT CMBX.NA.BBB- S18	CZ030008	
158712443	MSCI EAFE         Dec25	IX55596393-0	
156397577	CMBX AAA CDSI S18 PRC INDX	CZ030005	
156401861	CMBX BBB- CDSI S16 PRC CORP	CY873248	
156422493	CMBX BBB- CDSI S16 PRC CORP	CY873248	
159161001	KOSPI 200 Index	KRD020020016	
159176211	iTraxx Asia Ex Japan Investment Grade Index series 43-V1	4ABCAMBN5	
158243329	United States SOFR Secured Ove	SOFRRATE	
159753466	Eurex DAX Index	DAX	
159441730	AUD-BBR-BBSW-Bloomberg 6M	N/A	N/A
159434348	CMBX.NA.AAA.8	N/A	N/A
156493491	CMBX.NA.AA.6	137BEPAF8	
156454838	CMBX AAA CDSI S16 PRC INDX	CY873245	
156454450	CMBX BBB- CDSI S16 PRC CORP	CY873248	
159736750	CBOT U.S. Long Bond Futures	USZ5 Comdty	
158505872	Custom Equity Basket	BRFMTRD_INDEX	Custom Equity Basket
156369369	MARKIT CMBX.NA.BBB- S18	CZ030008	
156393072	S and P 500 INDX	783786106	
161043098	SGX Nikkei Dividend Index Futures	MNDZ5 Index	
156345464	CMBX BBB- CDSI S16 PRC CORP	CY873248	
156347745	CMBX AAA CDSI S17 PRC CORP	CY885799	
156392807	CMBX BBB- CDSI S16 PRC CORP	CY873248	
156407395	MARKIT CMBX.NA.BBB- S18	CZ030008	
156410268	CDX NA IG SERIES 41 5YR	CDXIG541	
159185084	Markit CDX North American Investment Grade Index Series 44-V1	2I65BYEH4	
158243522	Secured Overnight Financing Rate	SOFRATE	
156347000	CMBX BBB- CDSI S16 PRC CORP	CY873248	
158243366	United States SOFR Secured Ove	SOFRRATE	
159426295	CMBX.NA.AAA.8	N/A	N/A
156187919	S&P 400 Index	MID	
160457192	Euro Stoxx 50 Pr	SX5E	
159384528	UK RPI All Items NSA	N/A	N/A
159736470	CBOT Ultra Long-Term U.S. Treasury Bond Futures	WNZ5 Comdty	
156370720	CMBX BBB- CDSI S16 PRC CORP	CY873248	
156387362	S and P 500 INDX	783786106	
156391670	S and P 500 INDX	783786106	
159795221	U.S. Secured Overnight Financing Rate	SOFR	
158236168	NASDAQ 100 STOCK INDX	NDX	
159183314	EURO STOXX Bank Index	EU0009658426	
159181358	iTraxx Europe Crossover43-V2	2I667KMG0	
159176653	Markit CMBX North American BBB- 9	137BERAI8	
159175722	S&P 500 Index	US78378X1072	
159174374	Markit CDX North American Investment Grade Index Series 43-V1	2I65BYEG6	
159039060	CME E-mini S&P 500 Index Futures	ESZ5 Index	
159274755	SONIA O/N Deposit Rates Swap	N/A	N/A
159794198	U.S. Secured Overnight Financing Rate	N/A	
158179157	S&P 500 Index	SPX	
155970447	ICE U.S. MSCI Emerging Markets Index Futures	MESU5 Index	
156382418	MARKIT CMBX.NA.BBB- S18	CZ030008	
156368536	CMBX AAA CDSI S17 PRC CORP	CY885799	
156388384	S and P 500 INDX	783786106	
156389550	S and P 500 INDX	783786106	
159390621	UK RPI All Items NSA	N/A	N/A
159386986	SONIA O/N Deposit Rates Swap	N/A	N/A
157925046	CDX.NA.HY.41	2I65BRZP8	
158409443	ICE: (CDX.NA.IG.45.V1)	2I65BYEI2	
156084870	U.S. Urban CPI	CPURNSA	
159282375	AUD-BBR-BBSW-Bloomberg 6M	N/A	N/A
156396139	S and P 500 INDX	783786106	
156393177	S and P 500 INDX	783786106	
156460839	CMBX AAA CDSI S16 PRC INDX	CY873245	
156443309	CMBX BBB- CDSI S16 PRC CORP	CY873248	
161042911	Eurex Dow Jones EURO STOXX 50 Dividend Futures	DEDZ6 Index	
156391134	CDX NA IG SERIES 44 5YR	CDXIG544	
160642753	RUSSELL 2000 INDEX (RTY)	US7827001089	
159181492	Markit CMBX North American BBB- 9	137BERAI8	
159173969	NASDAQ 100 E-Mini Index	US6311011026	
158183803	S&P 500 Index	SPX	
159448024	AUD-BBR-BBSW-Bloomberg 6M	N/A	N/A
159442159	CMBX.NA.AAA.6	N/A	N/A
158217887	S&P/TSX 60 INDEX	SPTSX60	
159752167	SGX Nifty 50 Index	NIFTY	
156410941	MARKIT CMBX.NA.BBB 15	CY562349	
156406570	CMBX BBB- CDSI S16 PRC CORP	CY873248	
158243513	Secured Overnight Financing Rate	SOFRATE	
159431856	CMBX.NA.AS.6	N/A	N/A
159273567	NZ$ Bank Bill 3M FRA	N/A	N/A
159753015	MEFF Madrid IBEX 35 Index	IBEX	
159794407	U.S. Secured Overnight Financing Rate	SOFR	
160446929	S&P/ASX 200 Index	AS51	
156084873	U.S. Urban CPI	CPURNSA	
156492896	CDX.NA.IG.S42	2I65BYEE1	
156461308	CMBX BBB- CDSI S16 PRC CORP	CY873248	
159127039	iBoxx USD Liquid High Yield Total Return Index	IBOXHY Index	
156379721	MARKIT CMBX.NA.BBB- S18	CZ030008	
159181590	iTraxx Asia Ex Japan Investment Grade Index series 43-V1	4ABCAMBN5	
159162512	Chicago Board Options Exchange SPX Volatility Index	US12497K1007	
159171579	iTraxx Europe Crossover44-V1	2I667KMH8	
159182207	Markit CMBX North American BBB- 9	137BERAI8	
159167997	KOSPI 200 Index	KRD020020016	
159423464	CMBX.NA.AS.9	N/A	N/A
159442038	ABX.HE.AAA.07-1	N/A	N/A
159441733	CMBX.NA.AAA.6	N/A	N/A
159435799	CMBX.NA.AS.6	N/A	N/A
159427186	CMBX.NA.AAA.6	N/A	N/A
159443847	ABX.HE.AAA.07-1	N/A	N/A
159794717	U.S. Secured Overnight Financing Rate	N/A	
158259447	S&P 400 Index	MID	
156389842	CDX NA HY SERIES 44 5YR	CXPHY544	
156454274	MARKIT CMBX.NA.BBB- S18	CZ030008	
159131215	iBoxx USD Liquid High Yield Total Return Index	IBOXHY Index	
156388349	S and P 500 INDX	783786106	
156387569	S and P 500 INDX	783786106	
156392230	S and P 500 INDX	783786106	
156388507	S and P 500 INDX	783786106	
161042948	Eurex Dow Jones EURO STOXX 50 Dividend Futures	DEDZ6 Index	
160384690	Secured Overnight Financing Rate	SOFRATE	
158208021	S&P 400 Index	MID	
158354808	CMBX AAA CDSI S17 PRC CORP	CY885799	
156360755	MARKIT CMBX.NA.BBB- S18	CZ030008	
161041760	FTSE MIB Index Futures	STZ5 Index	
161043201	Eurex Swiss Market New Index Futures	SMZ5 Index	
158365312	CMBX BBB- CDSI S16 PRC CORP	CY873248	
155861390	CME E-mini S&P 500 Index Futures	ESU5 Index	
156409728	CMBX BBB- CDSI S17 PRC INDX	CY885802	
156402330	CMBX BBB- CDSI S16 PRC CORP	CY873248	
159177311	KOSPI 200 Index	KRD020020016	
159163010	Markit CMBX North American BBB- 9	137BERAI8	
158243385	United States SOFR Secured Ove	SOFRRATE	
159447053	CMBX.NA.AAA.8	N/A	N/A
159432978	ABX.HE.AA.07-1	N/A	N/A
159441235	ABX.HE.AA.06-2	N/A	N/A
159428802	ABX.HE.AAA.07-1	N/A	N/A
159272998	SONIO (03/18/26) LCH	N/A	N/A
159793958	U.S. Secured Overnight Financing Rate	SOFR	
156491771	CMBX.NA.AA.6	137BEPAF8	
160629854	S and P 500 INDX	783786106	
159187126	Russell 2000 E-Mini Index	US7827001089	
159186211	Markit CMBX North American BBB- 10	137BERAJ6	
158243251	US CPI Urban Consumers NAS	CPURNSA	
158243427	Secured Overnight Financing Rate	SOFRATE	
159439929	ABX.HE.AAA.06-2	N/A	N/A
159434978	ABX.HE.AA.07-1	N/A	N/A
156392208	S and P 500 INDX	783786106	
156389156	S and P 500 INDX	783786106	
156445972	CMBX AAA CDSI S17 PRC CORP	CY885799	
159127390	Markit iBoxx USD Liquid Leveraged Loans Total Return Index	IBXXLLTR Index	
156369878	CMBX BBB- CDSI S16 PRC CORP	CY873248	
156378870	MARKIT CMBX.NA.BBB- S18	CZ030008	
156388411	RUSSELL 2000 INDEX (RTY)	US7827001089	
156388704	S and P 500 INDX	783786106	
156391793	S and P 500 INDX	783786106	
156389598	S and P 500 INDX	783786106	
161043020	Eurex Dow Jones EURO STOXX 50 Dividend Futures	DEDZ6 Index	
160310270	CME E-mini S&P 500 Index Futures	ESZ5 Index	
158356411	CMBX BBB- CDSI S17 PRC INDX	CY885802	
156354504	MARKIT CMBX.NA.BBB- S18	CZ030008	
160180429	S&P 500 E-Mini Index	US78378X1072	
158149890	S&P 500 Index	SPX	
156388983	S and P 500 INDX	783786106	
159387169	CMBX.NA.AAA.12	N/A	N/A
160386331	S&P 500 Index	SPX	
156398424	S and P 500 INDX	783786106	
161043216	Goldman Sachs Most Shorted Rolling Index	GSCBMSAL Index	
156361398	MARKIT CMBX.NA.BBB- S18	CZ030008	
156408211	CMBX AAA CDSI S12 PRC INDX	CY400081	
156421491	CMBX AAA CDSI S17 PRC CORP	CY885799	
159160584	iTraxx Asia Ex Japan Investment Grade Index series 43-V1	4ABCAMBN5	
159184708	S&P 500 Index	US78378X1072	
158244697	S&P 400 Index	MID	
158243494	Secured Overnight Financing Rate	SOFRATE	
158243418	Secured Overnight Financing Rate	SOFRATE	
158957765	E-mini S&P Communication Services Select Sector Index Futures	XASZ5 Index	
159428310	SONIA O/N Deposit Rates Swap	N/A	N/A
161041793	EURO STOXX 50 Index	SX5E INDEX	
156347672	CMBX BB CDSI S18 PRC INDX	CZ030007	
156361541	CMBX AAA CDSI S15 PRC INDX	CY562346	
158487135	Custom Equity Basket	252048_INDEX_HA	Custom Equity Basket
156395164	CMBX BB CDSI S18 PRC INDX	CZ030007	
156400670	CMBX BBB- CDSI S16 PRC CORP	CY873248	
159111705	S&P Midcap 400 E-mini Index	XC0009692283	
159795718	CDX HY43 V1 (25-35%) 5% 12/20/2029	N/A	
159794302	U.S. Secured Overnight Financing Rate	SOFR	
158233779	S&P 400 Index	MID	
159387904	SONIA O/N Deposit Rates Swap	N/A	N/A
157923264	CDX.NA.HY.44	2I65BRAD4	
158234859	S&P 400 Index	MID	
158487465	Custom Equity Basket	252048_INDEX_JA	Custom Equity Basket
156409875	CDX NA HY SERIES 44 5YR	CXPHY544	
159183134	EURO STOXX 50 Index	EU0009658145	
160012773	CME E-mini S&P 500 Index Futures	ESZ5 Index	
159444868	AUD-BBR-BBSW-Bloomberg 6M	N/A	N/A
159437406	UK RPI All Items NSA	N/A	N/A
159434459	AUD-BBR-BBSW-Bloomberg 6M	N/A	N/A
159269764	CHINA FIXING REPO RATES 7 DAY	N/A	N/A
158355798	S&P 500 Index	SPX	
157289277	SFE 3 Year Australian Bond Futures	YMZ5 Comdty	
159794479	U.S. Secured Overnight Financing Rate	N/A	
159342724	ISHARES IBOXX INVESTMENT GRADE CORPORATE BOND ETF	N/A	N/A
159291080	AUD-BBR-BBSW-Bloomberg 6M	N/A	N/A
156449528	CMBX BBB- CDSI S16 PRC CORP	CY873248	
156458192	MARKIT CMBX.NA.BBB- S18	CZ030008	
161043106	SGX Nikkei Dividend Index Futures	MNDZ6 Index	
158356189	MARKIT CMBX.NA.BBB- S18	CZ030008	
156358066	CMBX BBB- CDSI S16 PRC CORP	CY873248	
160638159	MSCI EAFE INDX(UN FOR FUTURES)	EI09MXEA	
156413164	CMBX AAA CDSI S17 PRC CORP	CY885799	
159110880	S&P 500 E-Mini Index	US78378X1072	
159185201	EURO STOXX 50 Index	EU0009658145	
159426357	CMBX.NA.AAA.8	N/A	N/A
157290266	Eurex 30 Year Euro BUXL Futures	UBZ5 Comdty	
160438267	RUSSELL 2000 INDEX	RTY	
160439131	MSCI EAFE	MXEA	
159750742	Montreal Exchange S&P/TSX 60 I	SPTSX60	
159795771	U.S. Secured Overnight Financing Rate	SOFR	
159793781	U.S. Secured Overnight Financing Rate	SOFR	
156361912	S and P 400 MIDCAP INDEX (MID)	EI09MID	
156391493	CMBX BBB- CDSI S16 PRC CORP	CY873248	
160022454	CME E-mini S&P 500 Index Futures	ESZ5 Index	
159175030	CBOE Volatility Index	US12497K1007	
159181105	iTraxx Asia Ex Japan Investment Grade Index series 44-V1	4ABCAMBO3	
159271138	AUD-BBR-BBSW-Bloomberg 6M	N/A	N/A
159386584	CMBX.NA.AAA.12	N/A	N/A
156492676	CMBX.NA.AA.7	137BEPAG6	
156492164	CBOT 5 Year U.S. Treasury Notes	FVZ5 Comdty	
160466279	S&P/TSX 60 INDEX	SPTSX60	
156443210	CMBX BB CDSI S18 PRC INDX	CZ030007	
156458629	MARKIT CMBX.NA.BBB- S18	CZ030008	
159346327	SONIA O/N Deposit Rates Swap	N/A	N/A
159133752	iBoxx USD Liquid High Yield Total Return Index	IBOXHY Index	
156379324	MARKIT CMBX.NA.BBB- S18	CZ030008	
156370933	CMBX BB CDSI S18 PRC INDX	CZ030007	
156369219	CMBX AAA CDSI S17 PRC CORP	CY885799	
156387301	S and P 500 INDX	783786106	
156392955	S and P 500 INDX	783786106	
156388003	S and P 500 INDX	783786106	
161043067	Eurex Swiss Market New Index Futures	SMZ5 Index	
158236163	S&P 500 Index	SPX	
158233770	S&P 500 Index	SPX	
156359360	S and P 500 INDX	783786106	
156375051	CMBX BBB- CDSI S17 PRC INDX	CY885802	
156390948	S and P 500 INDX	783786106	
156391332	S and P 500 INDX	783786106	
156387015	S and P 500 INDX	783786106	
156398799	S and P 500 INDX	783786106	
156456721	CMBX AAA CDSI S13 PRC INDX	CY451600	
156461209	MARKIT CMBX.NA.BBB- S18	CZ030008	
161042972	Eurex Dow Jones EURO STOXX 50 Dividend Futures	DEDZ7 Index	
158249301	RUSSELL 2000 INDEX	RTY	
158356243	CMBX BBB- CDSI S16 PRC CORP	CY873248	
160532022	Custom Basket	B8AE301Y2_BASKET	Custom Basket
156411110	CMBX AAA CDSI S17 PRC CORP	CY885799	
159187868	EURO STOXX 50 Index	EU0009658145	
158243317	US CPI Urban Consumers NAS	CPURNSA	
156459413	CMBX BBB- CDSI S16 PRC CORP	CY873248	
156455049	CMBX AAA CDSI S17 PRC CORP	CY885799	
156373707	CMBX BBB- CDSI S16 PRC CORP	CY873248	
156282139	S and P 500 INDX	783786106	
156392532	S and P 500 INDX	783786106	
161043114	Eurex Dow Jones EURO STOXX 50 Dividend Futures	DEDZ7 Index	
161041730	EURO STOXX 50 Index	SX5E INDEX	
158471023	S and P 500 INDX	783786106	
156404423	CMBX BB CDSI S18 PRC INDX	CZ030007	
159184836	EURO STOXX Bank Index	EU0009658426	
159166528	Markit CMBX North American BBB- 9	137BERAI8	
159174767	Markit CMBX North American AAA 9	137BENAI7	
159184804	EURO STOXX Bank Index	EU0009658426	
159169773	Nikkei 225 Index	JP9010C00002	
159270362	SONIA O/N Deposit Rates Swap	N/A	N/A
157912660	CDX.NA.HY.39	2I65BRZH6	
156388836	S and P 500 INDX	783786106	
156390017	S and P 500 INDX	783786106	
156390225	S and P 500 INDX	783786106	
161041796	FTSE 100 Index	UKX INDEX	
156422246	CMBX BBB- CDSI S16 PRC CORP	CY873248	
159183835	Markit CMBX North American AAA 6	137BENAF3	
158228845	ICE: (CDX.NA.IG.45.V1)	2I65BYEI2	
158244850	NASDAQ 100 STOCK INDX	NDX	
158243265	US CPI Urban Consumers NAS	CPURNSA	
158243226	US CPI Urban Consumers NAS	CPURNSA	
159274796	SONIA O/N Deposit Rates Swap	N/A	N/A
156187906	S&P 500 Index	SPX	
160593323	S and P 500 INDX	783786106	
158500421	Custom Equity Basket	252050_INDEX_GA	Custom Equity Basket
156399422	S and P 500 INDX	783786106	
156449463	CMBX BBB- CDSI S16 PRC CORP	CY873248	
156447229	CMBX BBB- CDSI S16 PRC CORP	CY873248	
156493643	CMBX.NA.AA.7	137BEPAG6	
159128159	iBoxx USD Liquid High Yield Total Return Index	IBOXHY Index	
156387113	S and P 500 INDX	783786106	
160475837	MSCI EAFE	MXEA	
160593012	NASDAQ 100 INDEX (NDX)	US6311011026	
156454029	CMBX AAA CDSI S12 PRC INDX	CY400081	
161043177	Eurex Swiss Market New Index Futures	SMZ5 Index	
161041766	CBOT 10 Year U.S. Treasury Notes	TYZ5 Comdty	
159138207	S&P Midcap 400 E-mini Index	XC0009692283	
158357461	MARKIT CMBX.NA.BBB- S18	CZ030008	
156352395	CMBX BBB- CDSI S17 PRC INDX	CY885802	
156351431	CMBX BB CDSI S18 PRC INDX	CZ030007	
156418610	MARKIT CMBX.NA.BBB- S18	CZ030008	
158981702	E-Mini Russ 2000  Dec25	IX68885992-0	
159180558	Chicago Board Options Exchange SPX Volatility Index	US12497K1007	
159183671	EURO STOXX Bank Index	EU0009658426	
159181959	S&P 500 Index	US78378X1072	
158243278	US CPI Urban Consumers NAS	CPURNSA	
159439456	CMBX.NA.AAA.8	N/A	N/A
159438389	CMBX.NA.AS.6	N/A	N/A
159435350	ABX.HE.AAA.07-1	N/A	N/A
159441258	CMBX.NA.AAA.6	N/A	N/A
161043185	Euronext Amsterdam Index Futures	EOX5 Index	
161043233	Euronext Amsterdam Index Futures	EOV5 Index	
161020665	Eurex EURO STOXX 50 Futures	VGZ5 Index	
158471034	MSCI EAFE INDX(UN FOR FUTURES)	EI09MXEA	
156350843	CMBX BBB- CDSI S16 PRC CORP	CY873248	
156355001	CMBX BBB- CDSI S16 PRC CORP	CY873248	
156405761	MARKIT CMBX.NA.BBB- S18	CZ030008	
156399220	CMBX AAA CDSI S17 PRC CORP	CY885799	
156409072	CMBX AAA CDSI S13 PRC INDX	CY451600	
158243503	Secured Overnight Financing Rate	SOFRATE	
159437635	MEXICO INTERBANK TIIE 28 DAY	N/A	N/A
159794477	U.S. Secured Overnight Financing Rate	SOFR	
159795439	U.S. Secured Overnight Financing Rate	SOFR	
156492028	CBOT 2 Year U.S. Treasury Notes Futures	TUZ5 Comdty	
156441126	CMBX AAA CDSI S17 PRC CORP	CY885799	
159432820	UK RPI All Items NSA	N/A	N/A
159746906	CME E-Mini Standard & Poor's M	MID	
158251835	S&P 500 Index	SPX	
156375741	CMBX BBB- CDSI S17 PRC INDX	CY885802	
161043091	Eurex Swiss Market New Index Futures	SMZ5 Index	
159086260	US 10YR NOTE	TYZ5	
158357658	MARKIT CMBX.NA.BBB- S18	CZ030008	
156346918	CMBX BB CDSI S18 PRC INDX	CZ030007	
156350649	CMBX BBB- CDSI S16 PRC CORP	CY873248	
159303226	AUD-BBR-BBSW-Bloomberg 6M	N/A	N/A
160387464	S&P 500 Index	SPX	
159127701	iTraxx Europe Crossover42-V2	2I667KKW7	
159133942	iBoxx USD Liquid High Yield Total Return Index	IBOXHY Index	
159127004	iTraxx Europe Crossover42-V2	2I667KKW7	
156370812	CMBX BBB- CDSI S16 PRC CORP	CY873248	
156368677	CMBX BB CDSI S18 PRC INDX	CZ030007	
156391214	S and P 500 INDX	783786106	
156388606	S and P 500 INDX	783786106	
161043083	UKDA index - FTSE 100 Dividend Index Futures	UKDZ7 Index	
156348863	MARKIT CMBX.NA.BBB- S18	CZ030008	
158114952	S&P 500 Index	SPX	
156394436	CMBX BBB- CDSI S17 PRC INDX	CY885802	
159185000	Chicago Board Options Exchange SPX Volatility Index	US12497K1007	
159179976	iTraxx Europe Crossover40-V3	2I667KKX5	
158243348	United States SOFR Secured Ove	SOFRRATE	
159276078	AUD-BBR-BBSW-Bloomberg 6M	N/A	N/A
159268885	SONIO (03/18/26) LCH	N/A	N/A
159748392	RUSSELL 2000 INDEX	RTY	
156372253	CMBX BBB- CDSI S17 PRC INDX	CY885802	
156388830	S and P 500 INDX	783786106	
161041781	MEFF Madrid IBEX 35 Index Futures	IBX5 Index	
156420532	CMBX AAA CDSI S17 PRC CORP	CY885799	
159440021	CMBX.NA.AAA.6	N/A	N/A
159424214	ABX.HE.AAA.07-2	N/A	N/A
159794418	U.S. Secured Overnight Financing Rate	SOFR	
159795424	U.S. Secured Overnight Financing Rate	SOFR	
159754933	OSE Nikkei 225 Index Future	NKY	
159749331	ICE US MSCI Emerging Markets E	MXEF	
159795084	U.S. Secured Overnight Financing Rate	SOFR	
160939288	ICE U.S. MSCI Emerging Markets Index Futures	MESZ5 Index	
157921816	CDX.NA.HY.35	2I65BRYO2	
160445538	FTSE CNA Stk Connect Net	FCASCN	
159343065	CMBX.NA.AAA.6	N/A	N/A
159129702	iBoxx USD Liquid High Yield Total Return Index	IBOXHY Index	
156392272	S and P 500 INDX	783786106	
156389480	S and P 500 INDX	783786106	
156393338	S and P 500 INDX	783786106	
156441209	CMBX BBB- CDSI S16 PRC CORP	CY873248	
161043209	Eurex Swiss Market New Index Futures	SMZ5 Index	
158360019	CMBX AAA CDSI S13 PRC INDX	CY451600	
156361709	CMBX AAA CDSI S13 PRC INDX	CY451600	
156413937	CMBX AAA CDSI S13 PRC INDX	CY451600	
159185510	Nikkei 225 Index	JP9010C00002	
159183157	Chicago Board Options Exchange SPX Volatility Index	US12497K1007	
159128201	iBoxx USD Liquid High Yield Total Return Index	IBOXHY Index	
158500258	Custom Equity Basket	BRFMTRE_INDEX	Custom Equity Basket
156373070	CMBX BBB- CDSI S16 PRC CORP	CY873248	
156387853	S and P 500 INDX	783786106	
156387226	S and P 500 INDX	783786106	
161041757	FTSE 100 Index Futures	Z Z5 Index	
161042963	UKDA index - FTSE 100 Dividend Index Futures	UKDZ7 Index	
161041742	Montreal Exchange S&P/TSX 60 Index Futures	PTZ5 Index	
159137241	Russell 1000 Value E-Mini Index	RLV Index	
156354482	MARKIT CMBX.NA.BBB- S18	CZ030008	
156351547	CMBX BBB- CDSI S16 PRC CORP	CY873248	
159171028	Markit CMBX North American BBB- 9	137BERAI8	
158243465	Secured Overnight Financing Rate	SOFRATE	
159428634	NZ$ Bank Bill 3M FRA	N/A	N/A
159431413	CMBX.NA.AAA.10	N/A	N/A
159441533	CMBX.NA.AAA.6	N/A	N/A
159441438	AUD-BBR-BBSW-Bloomberg 6M	N/A	N/A
159794986	CDX NA IG 45 V1 1% 12/20/2030	N/A	
158882578	ICE U.S. mini MSCI EAFE Index Futures	MFSZ5 Index	
159181955	Niftym Index	NIFTYM Index	
159178104	S&P 500 E-Mini Index	US78378X1072	
159188877	iTraxx Europe Crossover44-V1	2I667KMH8	
158243245	US CPI Urban Consumers NAS	CPURNSA	
159447732	ABX.HE.AAA.06-2	N/A	N/A
159425125	ABX.HE.AAA.06-2	N/A	N/A
159271048	SONIA O/N Deposit Rates Swap	N/A	N/A
159270766	AUD-BBR-BBSW-Bloomberg 6M	N/A	N/A
160440406	FTSE 100 INDEX	UKX	
159793729	U.S. Secured Overnight Financing Rate	N/A	
156368708	CMBX AAA CDSI S17 PRC CORP	CY885799	
156387031	S and P 500 INDX	783786106	
156388991	S and P 500 INDX	783786106	
156391273	S and P 500 INDX	783786106	
156449539	CMBX AAA CDSI S17 PRC CORP	CY885799	
161041745	TSE TOPIX Futures	TPZ5 Index	
161042955	UKDA index - FTSE 100 Dividend Index Futures	UKDZ6 Index	
160398951	ICE: (CDX.NA.IG.45.V1)	2I65BYEI2	
160384459	United States SOFR Secured Ove	SOFRRATE	
158308141	S&P 500 Index	SPX	
158357304	CMBX AAA CDSI S13 PRC INDX	CY451600	
158181551	RUSSELL 2000 INDEX	RTY	
159296471	SONIA O/N Deposit Rates Swap	N/A	N/A
156394913	S and P 500 INDX	783786106	
161043130	Eurex Dow Jones EURO STOXX 50 Dividend Futures	DEDZ6 Index	
161042867	SGX Nikkei Dividend Index Futures	MNDH5 Index	
159086266	US ULTRA BOND	WNZ5	
158361105	MARKIT CMBX.NA.BBB- S18	CZ030008	
159039770	CME E-mini S&P MidCap 400 Index Futures	FAZ5 Index	
159994077	CME E-mini S&P 500 Index Futures	ESZ5 Index	
159436418	ABX.HE.AA.07-2	N/A	N/A
159275379	CHINA FIXING REPO RATES 7 DAY	N/A	N/A
159794928	U.S. Secured Overnight Financing Rate	SOFR	
159387993	AUD-BBR-BBSW-Bloomberg 6M	N/A	N/A
159386733	UK RPI All Items NSA	N/A	N/A
156441092	CMBX AAA CDSI S17 PRC CORP	CY885799	
156454305	CMBX AAA CDSI S17 PRC CORP	CY885799	
159342883	CMBX.NA.AAA.10	N/A	N/A
159132022	Markit iBoxx USD Liquid Leveraged Loans Total Return Index	IBXXLLTR Index	
156372955	CMBX AAA CDSI S17 PRC CORP	CY885799	
156387799	S and P 500 INDX	783786106	
158362835	CMBX AAA CDSI S17 PRC CORP	CY885799	
159185790	Nikkei 225 Index	JP9010C00002	
158185785	S&P 400 Index	MID	
159269671	SONIO (03/18/26) LCH	N/A	N/A
156386208	MSCI EMERGING MARKETS INDEX	GB00BP5FTD07	
159795736	U.S. Secured Overnight Financing Rate	SOFR	
157914613	CDX.NA.HY.45	2I65BRAD5	
158373038	S&P 500 Index	SPX	
159441262	ABX.HE.AAA.07-1	N/A	N/A
159795023	CDX HY44 V1 5% 06/20/2030	N/A	
158234117	RUSSELL 2000 INDEX	RTY	
160443364	S&P 500 Index	SPX	
156353360	RUSSELL 2000 INDEX (RTY)	US7827001089	
156368187	CMBX BBB- CDSI S16 PRC CORP	CY873248	
156387316	S and P 500 INDX	783786106	
159286902	SONIA O/N Deposit Rates Swap	N/A	N/A
158276333	S&P 400 Index	MID	
156398284	S and P 500 INDX	783786106	
156457249	CMBX BB CDSI S18 PRC INDX	CZ030007	
156494252	CMBX.NA.AA.7	137BEPAG6	
156447435	CMBX AAA CDSI S15 PRC INDX	CY562346	
159128720	iBoxx USD Liquid High Yield Total Return Index	IBOXHY Index	
161020670	TSE TOPIX Futures	TPZ5 Index	
158242423	S&P 500 Index	SPX	
160323598	CME E-mini S&P 500 Index Futures	ESZ5 Index	
156419637	CMBX BBB- CDSI S16 PRC CORP	CY873248	
156402561	MARKIT CMBX.NA.BBB 15	CY562349	
159434576	CMBX.NA.AAA.10	N/A	N/A
159385211	AUD-BBR-BBSW-Bloomberg 6M	N/A	N/A
156419053	CMBX BBB- CDSI S16 PRC CORP	CY873248	
159166937	iTraxx Europe Crossover42-V2	2I667KKW7	
158243285	US CPI Urban Consumers NAS	CPURNSA	
159425322	CMBX.NA.AAA.6	N/A	N/A
160456857	S&P/TSX 60 INDEX	SPTSX60	
157911035	CDX.NA.HY.43	2I65BRAD3	
156371498	MARKIT CMBX.NA.BBB- S18	CZ030008	
156374441	CMBX AAA CDSI S17 PRC CORP	CY885799	
156372423	CMBX BBB- CDSI S16 PRC CORP	CY873248	
156388880	S and P 500 INDX	783786106	
156389505	S and P 500 INDX	783786106	
160394140	S&P 500 Index	SPX	
159795197	U.S. Secured Overnight Financing Rate	SOFR	
159794859	U.S. Secured Overnight Financing Rate	SOFR	
159794937	U.S. Secured Overnight Financing Rate	SOFR	
161043123	UKDA index - FTSE 100 Dividend Index Futures	UKDZ6 Index	
156492488	CMBX.NA.AA.6	137BEPAF8	
156454914	MARKIT CMBX.NA.BBB- S18	CZ030008	
156458958	MARKIT CMBX.NA.BBB- S18	CZ030008	
159127245	Markit iBoxx USD Liquid Leveraged Loans Total Return Index	IBXXLLTR Index	
155862349	CME E-mini S&P 500 Index Futures	ESU5 Index	
156377320	CMBX BBB- CDSI S16 PRC CORP	CY873248	
156379435	CMBX AAA CDSI S15 PRC INDX	CY562346	
156387778	S and P 500 INDX	783786106	
161041748	SFE S&P ASX Share Price Index 200 Futures	XPZ5 Index	
156354636	CMBX AAA CDSI S17 PRC CORP	CY885799	
156347432	CMBX AAA CDSI S17 PRC CORP	CY885799	
156363422	RUSSELL 2000 INDEX (RTY)	US7827001089	
160596169	S and P 400 MIDCAP INDEX (MID)	EI09MID	
159444267	AUD-BBR-BBSW-Bloomberg 6M	N/A	N/A
161041736	Eurex EURO STOXX 50 Futures	VGZ5 Index	
158355301	CMBX AAA CDSI S15 PRC INDX	CY562346	
159299224	NZ$ Bank Bill 3M FRA	N/A	N/A
158286485	E-mini Russell 1000 Growth Composite Index Future Dec 2025	RGGZ25	
156390194	S and P 500 INDX	783786106	
156391161	S and P 500 INDX	783786106	
156387512	S and P 500 INDX	783786106	
156388114	S and P 500 INDX	783786106	
161043005	UKDA index - FTSE 100 Dividend Index Futures	UKDZ6 Index	
160405264	United States SOFR Secured Ove	SOFRRATE	
158353945	CMBX BBB- CDSI S16 PRC CORP	CY873248	
156353950	CMBX AAA CDSI S17 PRC CORP	CY885799	
160635200	S and P TSX 60 INDEX	EI09SPTSX60	
156493371	CMBX.NA.AA.6	137BEPAF8	
156412443	MARKIT CMBX.NA.BBB 15	CY562349	
156418109	MARKIT CMBX.NA.BBB- S18	CZ030008	
158249211	S&P 400 Index	MID	
158358736	MARKIT CMBX.NA.BBB 15	CY562349	
158243232	US CPI Urban Consumers NAS	CPURNSA	
158243398	United States SOFR Secured Ove	SOFRRATE	
159428605	SONIA O/N Deposit Rates Swap	N/A	N/A
159269401	CHINA FIXING REPO RATES 7 DAY	N/A	N/A
159274814	AUD-BBR-BBSW-Bloomberg 6M	N/A	N/A
159386558	NZ$ Bank Bill 3M FRA	N/A	N/A
156494173	CDX.NA.IG.S41	2I65BYED3	
156380444	CMBX AAA CDSI S16 PRC INDX	CY873245	
156401381	CMBX AAA CDSI S17 PRC CORP	CY885799	
161043145	Eurex Swiss Market New Index Futures	SMZ5 Index	
161041727	S&P 500 Annual Dividend Index Futures	ASDZ26 Index	
160397607	United States SOFR Secured Ove	SOFRRATE	
156355348	CMBX AAA CDSI S17 PRC CORP	CY885799	
159439212	SONIA O/N Deposit Rates Swap	N/A	N/A
159437606	MEXICO INTERBANK TIIE 28 DAY	N/A	N/A
160458372	FTSE 100 INDEX	UKX	
156443850	CMBX BBB- CDSI S17 PRC INDX	CY885802	
158259440	S&P 500 Index	SPX	
156389120	S and P 500 INDX	783786106	
156392859	ITRAXX XOVER S42 V3 12/20/29	ITXEX542	
156459144	CMBX BBB- CDSI S16 PRC CORP	CY873248	
156454615	CMBX AAA CDSI S13 PRC INDX	CY451600	
159130260	iBoxx USD Liquid High Yield Total Return Index	IBOXHY Index	
156369295	CMBX BBB- CDSI S16 PRC CORP	CY873248	
161041769	TSE Japanese 10 Year Bond Futures	JBZ5 Comdty	
160385289	United States SOFR Secured Ove	SOFRRATE	
158234537	S&P 500 Index	SPX	
158356019	CMBX AAA CDSI S13 PRC INDX	CY451600	
156363328	CMBX AAA CDSI S17 PRC CORP	CY885799	
156413211	CDX NA IG SERIES 43 5YR	CDXIG543	
159426095	SONIA O/N Deposit Rates Swap	N/A	N/A
161041754	CME E-mini NASDAQ 100 Index Futures	NQZ5 Index	
161020679	FTSE 100 Index Futures	Z Z5 Index	
160947158	TSE TOPIX Futures	TPZ5 Index	
156355385	CMBX AAA CDSI S17 PRC CORP	CY885799	
156360475	MARKIT CMBX.NA.BBB- S18	CZ030008	
159179524	Markit CDX North American Investment Grade Index Series 45-V1	2I65BYEI2	
159188491	S&P 500 Index	US78378X1072	
159446220	CMBX.NA.AAA.6	N/A	N/A
158361782	CMBX AAA CDSI S13 PRC INDX	CY451600	
156347345	CMBX BBB- CDSI S17 PRC INDX	CY885802	
156357067	CMBX BBB- CDSI S16 PRC CORP	CY873248	
156451358	CMBX BB CDSI S18 PRC INDX	CZ030007	
156396008	S and P 500 INDX	783786106	
158711486	S&P500 EMINI FUT  Dec25	SPX	
156393807	CMBX AAA CDSI S17 PRC CORP	CY885799	
159188067	Markit CDX North American Investment Grade Index Series 45-V1	2I65BYEI2	
159170342	Markit CMBX North American BBB- 9	137BERAI8	
159180593	S&P 500 Index	US78378X1072	
159436682	CMBX.NA.AAA.11	N/A	N/A
159441995	CMBX.NA.AAA.6	N/A	N/A
156379958	CMBX BBB- CDSI S16 PRC CORP	CY873248	
156402627	CDX NA IG SERIES 44 5YR	CDXIG544	
156395692	CMBX AAA CDSI S17 PRC CORP	CY885799	
156403480	CMBX BBB- CDSI S16 PRC CORP	CY873248	
159185172	S&P 500 Index	US78378X1072	
159182304	Markit CDX North American High Yield Index Series 43-V1	2I65BRAD3	
159186034	EURO STOXX Bank Index	EU0009658426	
156180218	MSCI EAFE	MXEA	
157909332	CDX.EM.34	2I65BZDZ2	
158499456	Custom Equity Basket	252050_INDEX_MA	Custom Equity Basket
156458510	CMBX AAA CDSI S18 PRC INDX	CZ030005	
156446383	CMBX AAA CDSI S18 PRC INDX	CZ030005	
156455148	CMBX BBB- CDSI S16 PRC CORP	CY873248	
156378664	MARKIT CMBX.NA.BBB- S18	CZ030008	
156370041	CMBX BBB- CDSI S16 PRC CORP	CY873248	
156390880	S and P 500 INDX	783786106	
156392329	S and P 500 INDX	783786106	
156389468	S and P 500 INDX	783786106	
161043051	Eurex Dow Jones EURO STOXX 50 Dividend Futures	DEDZ7 Index	
161041724	S&P 500 Annual Dividend Index Futures	ASDZ27 Index	
161042920	UKDA index - FTSE 100 Dividend Index Futures	UKDZ6 Index	
161043044	SGX Nikkei Dividend Index Futures	MNDZ5 Index	
156408856	CMBX BBB- CDSI S16 PRC CORP	CY873248	
159424676	ABX.HE.AAA.07-2	N/A	N/A
159434041	ABX.HE.AAA.06-2	N/A	N/A
159437144	CMBX.NA.AAA.6	N/A	N/A
158217906	FTSE 100 INDEX	UKX	
158304656	S&P 500 Future (e-Mini) Dec 2025	ESZ25	
158499573	Custom Equity Basket	252050_INDEX_JA	Custom Equity Basket
159736596	Ultra 10 Year U.S. Treasury Notes Futures	UXYZ5 Comdty	
156387643	S and P 500 INDX	783786106	
156389403	S and P 500 INDX	783786106	
156387793	S and P 500 INDX	783786106	
156415208	CMBX AAA CDSI S13 PRC INDX	CY451600	
156397489	CMBX AAA CDSI S17 PRC CORP	CY885799	
161043074	UKDA index - FTSE 100 Dividend Index Futures	UKDZ6 Index	
161041772	CBOT 5 Year U.S. Treasury Notes	FVZ5 Comdty	
160402099	Secured Overnight Financing Rate	SOFRATE	
159180648	Markit CDX North American Investment Grade Index Series 45-V1	2I65BYEI2	
158243446	Secured Overnight Financing Rate	SOFRATE	
159276933	SOUTH KOREAN WON 3 MONTH	N/A	N/A
158234996	RUSSELL 2000 INDEX	RTY	
156409760	CMBX AAA CDSI S17 PRC CORP	CY885799	
156410001	CMBX BBB- CDSI S16 PRC CORP	CY873248	
159163094	iTraxx Europe Crossover42-V2	2I667KKW7	
158243272	US CPI Urban Consumers NAS	CPURNSA	
157288347	SFE 10 Year Australian Bond Futures	XMZ5 Comdty	
159795450	U.S. Secured Overnight Financing Rate	N/A	
159795271	U.S. Secured Overnight Financing Rate	SOFR	
156222947	NASDAQ 100 STOCK INDX	NDX	
156375283	CDX EMIG CDSI S43 5Y	CXPEI543	
156382864	CMBX BBB- CDSI S17 PRC INDX	CY885802	
161043138	UKDA index - FTSE 100 Dividend Index Futures	UKDZ7 Index	
161042988	SGX Nikkei Dividend Index Futures	MNDZ6 Index	
161041775	Euronext CAC 40 Index Futures	CFX5 Index	
156456225	CMBX BBB- CDSI S16 PRC CORP	CY873248	
156450884	CMBX AAA CDSI S15 PRC INDX	CY562346	
156444374	CMBX BB CDSI S18 PRC INDX	CZ030007	
156455390	CMBX AAA CDSI S13 PRC INDX	CY451600	
158265951	E-mini Russell 1000 Value Composite Index Future Dec 2025	RVSZ25	
157288561	Eurex 10 Year Euro BUND Futures	RXZ5 Comdty	
159794542	U.S. Secured Overnight Financing Rate	SOFR	
158276481	RUSSELL 2000 INDEX	RTY	
156455397	CMBX AAA CDSI S17 PRC CORP	CY885799	
161043036	SGX Nikkei Dividend Index Futures	MNDZ6 Index	
161042906	SGX Nikkei Dividend Index Futures	MNDZ6 Index	
161042900	SGX Nikkei Dividend Index Futures	MNDZ5 Index	
161043224	Goldman Sachs Most Shorted Rolling Index	GSCBMSAL Index	
160383403	ICE: (ITRAXX.EUR.44.V1)	Z978T5JQ0	
159186992	Markit CMBX North American AAA 9	137BENAI7	
159165757	Markit CDX North American Investment Grade Index Series 43-V1	2I65BYEG6	
156444518	CMBX AAA CDSI S18 PRC INDX	CZ030005	
161043153	Euronext Amsterdam Index Futures	EOX5 Index	
161043193	Eurex Swiss Market New Index Futures	SMZ5 Index	
160404116	ICE: (CDX.NA.IG.44.V1)	2I65BYEH4	
156347136	CMBX AAA CDSI S17 PRC CORP	CY885799	
156401903	CMBX BBB- CDSI S16 PRC CORP	CY873248	
156410215	MARKIT CMBX.NA.BBB- S18	CZ030008	
156411850	CDX NA HY SERIES 43 5YR	CXPHY543	
158981836	S&P MID 400 EMINI Dec25	IX68885984-0	
159793899	U.S. Secured Overnight Financing Rate	N/A	
156194646	NASDAQ 100 STOCK INDX	NDX	
159187388	CBOE Volatility Index	US12497K1007	
159173518	EURO STOXX Bank Index	EU0009658426	
158243298	US CPI Urban Consumers NAS	CPURNSA	
159424497	UK RPI All Items NSA	N/A	N/A
159751499	OSE Nikkei 225 Index Future	NKY	
161187372	S&P 500 EQUAL WEIGHTED INDEX SPW	SPW	N/A
156442484	CMBX AAA CDSI S17 PRC CORP	CY885799	
156452941	CMBX BBB- CDSI S16 PRC CORP	CY873248	
160447262	MSCI EM	MXEF	
156354077	CMBX BBB- CDSI S16 PRC CORP	CY873248	
156362139	CMBX BBB- CDSI S16 PRC CORP	CY873248	
156354579	CMBX BBB- CDSI S17 PRC INDX	CY885802	
156358875	CMBX AAA CDSI S13 PRC INDX	CY451600	
159794611	U.S. Secured Overnight Financing Rate	SOFR	
159389023	SONIA O/N Deposit Rates Swap	N/A	N/A
156396016	CDX NA HY SERIES 43 5YR	CXPHY543	
156391566	S and P 400 MIDCAP INDEX (MID)	EI09MID	
159132829	Markit CDX North American High Yield Index Series 45-V1	2I65BRAD5	
156382511	CMBX BBB- CDSI S16 PRC CORP	CY873248	
156366737	CMBX AAA CDSI S17 PRC CORP	CY885799	
156390448	S and P 500 INDX	783786106	
156392193	S and P 500 INDX	783786106	
158354264	CMBX AAA CDSI S17 PRC CORP	CY885799	
158357531	CMBX AAA CDSI S17 PRC CORP	CY885799	
156345582	CMBX BBB- CDSI S16 PRC CORP	CY873248	
156346665	CMBX BBB- CDSI S17 PRC INDX	CY885802	
156404550	CMBX AAA CDSI S13 PRC INDX	CY451600	
159166755	Markit CDX North American High Yield Index Series 45-V1	2I65BRAD5	
159170427	Markit CDX North American Emerging Markets Index Series 44-V1	2I65BZFI8	
159166897	Markit CDX North American High Yield Index Series 44-V1	2I65BRAD4	
158244857	RUSSELL 2000 INDEX	RTY	
158243354	United States SOFR Secured Ove	SOFRRATE	
158243258	US CPI Urban Consumers NAS	CPURNSA	
158243475	Secured Overnight Financing Rate	SOFRATE	
159369712	ABX.HE.AAA.06-2	N/A	N/A
158361572	CMBX AAA CDSI S17 PRC CORP	CY885799	
156414835	CMBX AAA CDSI S17 PRC CORP	CY885799	
159165357	Markit CMBX North American BBB- 9	137BERAI8	
159177617	Markit CDX North American High Yield Index Series 39-V4	2I65BRAB7	
159428912	ABX.HE.AA.06-1	N/A	N/A
159794829	U.S. Secured Overnight Financing Rate	SOFR	
159342494	AUD-BBR-BBSW-Bloomberg 6M	N/A	N/A
156378008	CMBX BBB- CDSI S17 PRC INDX	CY885802	
159436766	CMBX.NA.AAA.10	N/A	N/A
156180193	MSCI EM	MXEF	
159747751	Hang Seng	HSI	
159747228	FTSE 100 Index Future	UKX	
159795549	U.S. Secured Overnight Financing Rate	SOFR	
157909663	CDX.EM.36	2I65BZEB4	
156399647	S and P 500 INDX	783786106	
156459951	CMBX AAA CDSI S17 PRC CORP	CY885799	
156442866	CMBX BBB- CDSI S17 PRC INDX	CY885802	
159736878	CBOT 5 Year U.S. Treasury Notes	FVZ5 Comdty	
156387325	S and P 500 INDX	783786106	
156389512	S and P 500 INDX	783786106	
156358489	CMBX AAA CDSI S15 PRC INDX	CY562346	
156309372	RUSSELL 2000 INDEX (RTY)	US7827001089	
156373479	MARKIT CMBX.NA.BBB- S18	CZ030008	
156371177	CMBX BB CDSI S18 PRC INDX	CZ030007	
156370608	CMBX BBB- CDSI S16 PRC CORP	CY873248	
156391306	S and P 500 INDX	783786106	
160004926	CME E-mini S&P 500 Index Futures	ESZ5 Index	
159388308	AUD-BBR-BBSW-Bloomberg 6M	N/A	N/A
157906881	CDX.EM.38	2I65BZFC1	
156446632	MARKIT CMBX.NA.BBB- S18	CZ030008	
161043059	Eurex Dow Jones EURO STOXX 50 Dividend Futures	DEDZ6 Index	
160396534	ICE: (CDX.NA.HY.45.V1)	Z9796YTF3	
159181046	Niftym Index	NIFTYM Index	
159174902	Markit CMBX North American AAA 9	137BENAI7	
159174780	EURO STOXX 50 Index	EU0009658145	
158243342	United States SOFR Secured Ove	SOFRRATE	
159752581	Eurex EURO STOXX 50 Future	SX5E	
159748876	TEF SET50 Index	SET50	
156412771	CMBX AAA CDSI S17 PRC CORP	CY885799	
158243360	United States SOFR Secured Ove	SOFRRATE	
158243311	US CPI Urban Consumers NAS	CPURNSA	
159446867	CMBX.NA.AAA.8	N/A	N/A
159441053	CMBX.NA.AAA.6	N/A	N/A
159276378	Financial Benchmarks India Overnight Mumbai Interbank Outright Rate	N/A	N/A
159273376	SONIA O/N Deposit Rates Swap	N/A	N/A
159750417	HKG Hang Seng China Enterprise	HSCEI	
156454900	MARKIT CMBX.NA.BBB- S18	CZ030008	
156454996	CMBX BBB- CDSI S17 PRC INDX	CY885802	
159131306	iBoxx USD Liquid High Yield Total Return Index	IBOXHY Index	
159128442	iTraxx Europe Crossover42-V2	2I667KKW7	
156374424	CMBX AAA CDSI S13 PRC INDX	CY451600	
156391297	S and P 500 INDX	783786106	
156387704	S and P 500 INDX	783786106	
156391717	S and P 500 INDX	783786106	
161041784	OML Stockholm OMXS30 Index Futures	QCX5 Index	
161042938	SGX Nikkei Dividend Index Futures	MNDZ5 Index	
158359361	CMBX AAA CDSI S13 PRC INDX	CY451600	
158361862	CMBX BBB- CDSI S16 PRC CORP	CY873248	
159435140	AUD-BBR-BBSW-Bloomberg 6M	N/A	N/A
159747960	CBOT $5 Mini Dow Jones Industr	INDU	
159748295	CME Standard & Poor's 500 Inde	SPX	
159794439	U.S. Secured Overnight Financing Rate	SOFR	
160939285	ICE U.S. mini MSCI EAFE Index Futures	MFSZ5 Index	
156084876	U.S. Urban CPI	CPURNSA	
158303118	S&P MID 400 EMINI Dec 2025	EMDZ25	
158335568	MSCI EMERGING MARKETS INDEX	GB00BP5FTD07	
158369878	S and P 500 INDX	783786106	
156393206	ITRAXX XOVER S42 V3 12/20/29	ITXEX542	
156455756	MARKIT CMBX.NA.BBB 15	CY562349	
156392148	S and P 500 INDX	783786106	
156386997	S and P 500 INDX	783786106	
156388148	S and P 500 INDX	783786106	
161042889	UKDA index - FTSE 100 Dividend Index Futures	UKDZ6 Index	
160403319	JPY - 1D Overnight Tokyo Average Rate	TONA	
159366891	ABX.HE.AAA.06-2	N/A	N/A
158353545	CMBX AAA CDSI S17 PRC CORP	CY885799	
156361428	CMBX AAA CDSI S17 PRC CORP	CY885799	
160527630	Custom Basket	B8ACGQEV7_BASKET	Custom Basket
156456878	CMBX AAA CDSI S16 PRC INDX	CY873245	
160383497	United States SOFR Secured Ove	SOFRRATE	
156353455	CMBX AAA CDSI S18 PRC INDX	CZ030005	
156405259	CMBX BBB- CDSI S16 PRC CORP	CY873248	
158977495	S&P500 EMINI FUT  Dec25	SPX	
159009078	CME E-mini Technology Select Sector Futures	IXTZ5 Index	
159170947	Markit CMBX North American BBB- 9	137BERAI8	
155869402	CME E-mini S&P 500 Index Futures	ESU5 Index	
159440232	CMBX.NA.AAA.8	N/A	N/A
159754958	FTSE/MIB Index Future	FTSEMIB	
159794583	iShares iBoxx $ Investment Grade Corporate Bond ETF	N/A	
159794046	U.S. Secured Overnight Financing Rate	SOFR	
159793968	U.S. Secured Overnight Financing Rate	SOFR	
159794249	U.S. Secured Overnight Financing Rate	SOFR	
159384937	AUD-BBR-BBSW-Bloomberg 6M	N/A	N/A
156378275	CMBX AAA CDSI S16 PRC INDX	CY873245	
156373926	CMBX BBB- CDSI S16 PRC CORP	CY873248	
156277824	S and P 500 INDX	783786106	
156387368	S and P 500 INDX	783786106	
156421925	CMBX BBB- CDSI S16 PRC CORP	CY873248	
156400210	CMBX AAA CDSI S18 PRC INDX	CZ030005	
158243291	US CPI Urban Consumers NAS	CPURNSA	
159274774	NZ$ Bank Bill 3M FRA	N/A	N/A
159386707	AUD-BBR-BBSW-Bloomberg 6M	N/A	N/A
156350248	S and P 500 INDX	783786106	
158335546	S and P 500 INDX	783786106	
156455217	MARKIT CMBX.NA.BBB- S18	CZ030008	
156461574	CMBX BBB- CDSI S16 PRC CORP	CY873248	
156377280	CMBX AAA CDSI S13 PRC INDX	CY451600	
156387951	S and P 500 INDX	783786106	
161041790	SGX MSCI Singapore Index Futures	QZX5 Index	
158357222	CMBX BBB- CDSI S16 PRC CORP	CY873248	
158357602	CMBX BBB- CDSI S16 PRC CORP	CY873248	
155861535	CME E-mini NASDAQ 100 Index Futures	NQU5 Index	
156349736	CMBX BBB- CDSI S16 PRC CORP	CY873248	
156362310	CMBX BBB- CDSI S17 PRC INDX	CY885802	
160353244	S&P 500 Future (e-Mini) Dec 2025	ESZ25	
159343849	SONIA O/N Deposit Rates Swap	N/A	N/A
159132382	iBoxx USD Liquid High Yield Total Return Index	IBOXHY Index	
159736452	CBOT 2 Year U.S. Treasury Notes Futures	TUZ5 Comdty	
156387652	S and P 500 INDX	783786106	
156391858	S and P 500 INDX	783786106	
156356909	CMBX AAA CDSI S17 PRC CORP	CY885799	
156350078	CMBX BBB- CDSI S16 PRC CORP	CY873248	
156411089	CMBX AAA CDSI S13 PRC INDX	CY451600	
156411179	CMBX AAA CDSI S17 PRC CORP	CY885799	
